FID,ID_FISCALIZACAO_ELETRONICA,DESC_LOC_CONTROLADOR_TRANSITO,DESC_TIPO_CONTROLADOR_TRANSITO,VELOCIDADE_REGULAMENTAR,SENTIDO,SENTIDO_FISCALIZADO,NUM_SERIE_ATUAL,COD_SECUNDARIA,GEOMETRIA
FISCALIZACAO_ELETRONICA.262,262,"Av. Cristiano Machado esquina com R. Tamboril 
",Controlador Eletrônico de Velocidade,60,Bairro/Centro,Único,8969,,POINT (611367.363251832 7798693.4598023)
FISCALIZACAO_ELETRONICA.263,263,"Av. Cristiano Machado esquina com R. Zaira de Paula
",Controlador Eletrônico de Velocidade,60,Bairro/Centro,Único,8974,,POINT (612088.799156664 7800368.14151189)
FISCALIZACAO_ELETRONICA.264,264,"Av. Cristiano Machado esquina com R. Zaira de Paula
",Controlador Eletrônico de Velocidade,60,Bairro/Centro,Único,8975,,POINT (612094.268245522 7800369.92004039)
FISCALIZACAO_ELETRONICA.265,265,"Av. Cristiano Machado, 1320 ",Controlador Eletrônico de Velocidade,60,Centro/Bairro,Único,8959,,POINT (612231.368074352 7799323.13470283)
FISCALIZACAO_ELETRONICA.266,266,"Av. Cristiano Machado, 4001",Controlador Eletrônico de Velocidade,60,Bairro/Centro,Único,8965,,POINT (612145.758685626 7801846.00589803)
FISCALIZACAO_ELETRONICA.267,267,"Av. Cristiano Machado, 4001",Controlador Eletrônico de Velocidade,60,Bairro/Centro,Único,8966,,POINT (612151.333327461 7801845.45936452)
FISCALIZACAO_ELETRONICA.268,268,"Av. Cristiano Machado, oposto ao 4001",Controlador Eletrônico de Velocidade,60,Centro/Bairro,Único,8963,,POINT (612163.43904478 7801788.1006723)
FISCALIZACAO_ELETRONICA.269,269,"Av. Dom Pedro I, 2062",Controlador Eletrônico de Velocidade,60,Centro/Bairro,Único,8976,,POINT (608879.008987153 7807189.44199785)
FISCALIZACAO_ELETRONICA.270,270,"Av. Dom Pedro I, 2177",Controlador Eletrônico de Velocidade,60,Bairro/Centro,Único,8970,,POINT (608999.827814921 7807299.9322327)
FISCALIZACAO_ELETRONICA.271,271,"Av. Dom Pedro I, 2177",Controlador Eletrônico de Velocidade,60,Bairro/Centro,Único,8977,,POINT (609003.434490569 7807296.07365623)
FISCALIZACAO_ELETRONICA.272,272,"Av. Presidente Antônio Carlos, 561",Controlador Eletrônico de Velocidade,60,Bairro/Centro,Único,2200005,,POINT (610577.110976289 7798452.3766479)
FISCALIZACAO_ELETRONICA.273,273,"Av. Presidente Antônio Carlos, 6484",Controlador Eletrônico de Velocidade,60,Centro/Bairro,Único,2200004,,POINT (609205.672747803 7803073.99527466)
FISCALIZACAO_ELETRONICA.274,274,"Av. Presidente Antônio Carlos, 6627",Controlador Eletrônico de Velocidade,60,Bairro/Centro,Único,2200003,,POINT (609057.317161933 7803395.67245465)
FISCALIZACAO_ELETRONICA.275,275,"Av. Presidente Antônio Carlos, 7400",Controlador Eletrônico de Velocidade,60,Centro/Bairro,Único,2200002,,POINT (608928.953120931 7803870.8264314)
FISCALIZACAO_ELETRONICA.276,276,"Av. Presidente Antônio Carlos, 7719",Controlador Eletrônico de Velocidade,60,Bairro/Centro,Único,2200001,,POINT (608766.660053829 7804232.23146034)
FISCALIZACAO_ELETRONICA.277,277,Av. Presidente Carlos Luz entre Praça Pedro Mello e Anel Rodoviário,Controlador Eletrônico de Velocidade,60,Bairro/Centro,Único,2200013,,POINT (607220.708731718 7801366.33874453)
FISCALIZACAO_ELETRONICA.278,278,"Av. Presidente Carlos Luz, 4585",Controlador Eletrônico de Velocidade,60,Bairro/Centro,Único,2200009,,POINT (607121.751898475 7802325.96351015)
FISCALIZACAO_ELETRONICA.279,279,"Av. Presidente Carlos Luz, oposto ao 3514",Conjugado CEV/DIF,60,Centro/Bairro,Único,2200011,,POINT (607540.061801417 7800971.16218426)
FISCALIZACAO_ELETRONICA.280,280,"Av. Presidente Carlos Luz, 4269",Controlador Eletrônico de Velocidade,60,Centro/Bairro,Único,2200010,,POINT (607125.497767978 7802241.07046451)
FISCALIZACAO_ELETRONICA.281,281,"Av. Raja Gabaglia, 2226",Controlador Eletrônico de Velocidade,60,Centro/Bairro,Único,8973,,POINT (609027.446689534 7793043.57304399)
FISCALIZACAO_ELETRONICA.282,282,"Av. Raja Gabaglia, 2271",Controlador Eletrônico de Velocidade,60,Bairro/Centro,Único,8972,,POINT (609068.751838116 7793007.91343966)
FISCALIZACAO_ELETRONICA.283,283,"Av. Teresa Cristina, 6776",Controlador Eletrônico de Velocidade,60,Centro/Bairro,Único,8967,,POINT (605343.03035662 7792918.85655388)
FISCALIZACAO_ELETRONICA.284,284,"Av. Teresa Cristina, 6776",Controlador Eletrônico de Velocidade,60,Centro/Bairro,Único,8978,,POINT (605346.685600765 7792911.72370573)
FISCALIZACAO_ELETRONICA.285,285,"Av. Teresa Cristina, 9793",Controlador Eletrônico de Velocidade,60,Bairro/Centro,Único,2200008,,POINT (605415.507130388 7792921.81306858)
FISCALIZACAO_ELETRONICA.241,241,"Av. Nossa Senhora do Carmo, 1900",Controlador Eletrônico de Velocidade,60,Centro/Bairro,Único,2411,,POINT (610926.633535501 7793194.15890001)
FISCALIZACAO_ELETRONICA.242,242,"Av. Nossa Senhora do Carmo, 1925",Controlador Eletrônico de Velocidade,60,Bairro/Centro,Único,3262,,POINT (610916.5469602 7793146.19525643)
FISCALIZACAO_ELETRONICA.243,243,"Av. Presidente Juscelino Kubtischek, 4333",Controlador Eletrônico de Velocidade,60,Bairro/Centro,Único,2430,,POINT (606484.903050769 7796605.86086437)
FISCALIZACAO_ELETRONICA.11,11,Av. Cristiano Machado esquina com Av. Sebastião de Brito,Detector de Invasão de Faixa de Exclusiva - MOVE,60,Bairro/Centro,Único,7191,,POINT (611557.082466736 7803868.09935944)
FISCALIZACAO_ELETRONICA.12,12,Av. Cristiano Machado esquina com R. Sônia,Detector de Invasão de Faixa de Exclusiva - MOVE,60,Centro/Bairro,Único,7190,,POINT (611642.784673366 7803712.79464787)
FISCALIZACAO_ELETRONICA.13,13,"Av. do Contorno, 5713",Detector de Trânsito em Local Proibido,60,São Pedro/Serra,Único,7188,,POINT (611904.102195482 7794837.21511275)
FISCALIZACAO_ELETRONICA.14,14,"Av. do Contorno, 5713",Detector de Trânsito em Local Proibido,60,São Pedro/Serra,Único,7201,,POINT (611904.596388704 7794833.37274575)
FISCALIZACAO_ELETRONICA.15,15,"Av. Nossa Senhora do Carmo, 289",Detector de Invasão de Faixa de Exclusiva - MOVE,60,Bairro/Centro,Único,7187,,POINT (611578.16226061 7794515.50264624)
FISCALIZACAO_ELETRONICA.16,16,"Av. Nossa Senhora do Carmo, 665",Detector de Invasão de Faixa de Exclusiva - MOVE,60,Bairro/Centro,Único,7185,,POINT (611472.620756071 7794135.33072963)
FISCALIZACAO_ELETRONICA.17,17,"Av. Nossa Senhora do Carmo, 702",Detector de Invasão de Faixa de Exclusiva - MOVE,60,Centro/Bairro,Único,7186,,POINT (611455.932529118 7794113.60696994)
FISCALIZACAO_ELETRONICA.18,18,"Av. Nossa Senhora do Carmo, 2135",Detector de Trânsito em Local Proibido,60,Bairro/Centro,Único,7200,,POINT (610788.304149337 7792962.55537393)
FISCALIZACAO_ELETRONICA.19,19,"Av. Nossa Senhora do Carmo, 2135",Detector de Trânsito em Local Proibido,60,Bairro/Centro,Único,7189,,POINT (610792.809298933 7792959.26339596)
FISCALIZACAO_ELETRONICA.20,20,"R. Haiti, 256 e oposto ao 256",Detector de Trânsito em Local Proibido,40,Sion/Belvedere e Belvedere/Sion,Ambos,7199,,POINT (610915.062594281 7792776.55886683)
FISCALIZACAO_ELETRONICA.22,22,Praça Maria Deusa Marra esquina com Av. Portugal,Detector de Invasão de Faixa de Exclusiva - MOVE,30,Bairro/Centro,Único,7192,,POINT (607938.389883649 7805640.14390218)
FISCALIZACAO_ELETRONICA.23,23,"Av. Waldyr Soeiro Emrich, 1476",Detector de Invasão de Faixa de Exclusiva - MOVE,60,Centro/Bairro,Único,7198,,POINT (604142.435177372 7790768.13673665)
FISCALIZACAO_ELETRONICA.24,24,"Av. Waldyr Soeiro Emrich, 1455",Detector de Invasão de Faixa de Exclusiva - MOVE,60,Bairro/Centro,Único,7202,,POINT (604099.779220994 7790693.62602713)
FISCALIZACAO_ELETRONICA.25,25,Av. Afonso Pena esquina com R. Maranhão,Controlador Eletrônico de Velocidade,60,Bairro/Centro,Único,3283,,POINT (612270.60781707 7795096.16599107)
FISCALIZACAO_ELETRONICA.26,26,"Av. Amazonas, 2086",Controlador Eletrônico de Velocidade,60,Centro/Bairro,Único,3285,,POINT (609630.636933408 7796281.6368542)
FISCALIZACAO_ELETRONICA.27,27,"Av. Amazonas, 2153",Controlador Eletrônico de Velocidade,60,Bairro/Centro,Único,3306,,POINT (609621.492873828 7796258.84907759)
FISCALIZACAO_ELETRONICA.28,28,"Av. Amazonas, 3984 e oposto ao 3984",Controlador Eletrônico de Velocidade,60,Bairro/Centro e Centro/Bairro,Ambos,3275,,POINT (607776.730951565 7795828.34854014)
FISCALIZACAO_ELETRONICA.29,29,"Av. Amazonas, 5400 e oposto ao 5400",Controlador Eletrônico de Velocidade,60,Bairro/Centro e Centro/Bairro,Ambos,3274,,POINT (606571.073400677 7795881.57443742)
FISCALIZACAO_ELETRONICA.30,30,"Av. Amazonas, 6894",Controlador Eletrônico de Velocidade,60,Bairro/Centro e Centro/Bairro,Ambos,3272,,POINT (605302.860904158 7795365.27409509)
FISCALIZACAO_ELETRONICA.31,31,"Av. Amazonas, 7800",Controlador Eletrônico de Velocidade,60,Bairro/Centro e Centro/Bairro,Ambos,3267,,POINT (604629.450813837 7795031.45891468)
FISCALIZACAO_ELETRONICA.32,32,Av. Amazonas a 95 metros da R. São Carlos,Controlador Eletrônico de Velocidade,60,Bairro/Centro,Único,3305,,POINT (603877.325617307 7794040.17774954)
FISCALIZACAO_ELETRONICA.33,33,"Av. Barão Homem de Melo, 3191 e oposto ao 3191",Controlador Eletrônico de Velocidade,60,Bairro/Centro e Centro/Bairro,Ambos,3296,,POINT (608483.076310216 7792201.29790428)
FISCALIZACAO_ELETRONICA.34,34,Av. Antônio Abraão Caram a 43 metros da Al. das Acácias,Controlador Eletrônico de Velocidade,60,Bairro/Centro e Centro/Bairro,Ambos,3373,,POINT (608515.500920894 7803602.64483226)
FISCALIZACAO_ELETRONICA.35,35,"Av. Bernardo Vasconcelos, 1720 e oposto ao 1720",Controlador Eletrônico de Velocidade,60,Aparecida/União e União/Aparecida,Ambos,3313,,POINT (611362.304787904 7801272.53471502)
FISCALIZACAO_ELETRONICA.36,36,Av. Bias Fortes esquina com R. Bernardo Guimarães,Controlador Eletrônico de Velocidade,60,Praça da Liberdade/Praça Raul Soares e Praça Raul ,Ambos,3299,,POINT (610797.968329455 7796038.69017282)
FISCALIZACAO_ELETRONICA.37,37,Av. Cristiano Machado a 12 metros da R. Pitangui,Controlador Eletrônico de Velocidade,60,Centro/Bairro,Único,3266,,POINT (611401.944512957 7798681.58005452)
FISCALIZACAO_ELETRONICA.38,38,"Av. Cristiano Machado, 673",Controlador Eletrônico de Velocidade,60,Bairro/Centro,Único,3295,,POINT (612045.67378688 7798933.95186391)
FISCALIZACAO_ELETRONICA.39,39,Av. Cristiano Machado a 27 metros do Viaduto Paulo Mendes Campos,Controlador Eletrônico de Velocidade,60,Centro/Bairro,Único,3273,,POINT (611871.641373272 7803228.88929914)
FISCALIZACAO_ELETRONICA.40,40,Av. Cristiano Machado a 89 metros da R. Cajuí,Controlador Eletrônico de Velocidade,60,Bairro/Centro,Único,3276,,POINT (611880.919962777 7803190.24422269)
FISCALIZACAO_ELETRONICA.41,41,"Av. Cristiano Machado, 9950",Controlador Eletrônico de Velocidade,70,Centro/Bairro,Único,3284,,POINT (611433.968382696 7805839.26008446)
FISCALIZACAO_ELETRONICA.42,42,Av. Cristiano Machado esquina com R. Coronel Joaquim Tibúrcio,Controlador Eletrônico de Velocidade,70,Bairro/Centro,Único,3290,,POINT (611054.75503277 7806183.07686333)
FISCALIZACAO_ELETRONICA.43,43,"Av. Cristiano Machado, 10691",Controlador Eletrônico de Velocidade,70,Bairro/Centro,Único,3271,,POINT (610808.22678364 7807014.08285995)
FISCALIZACAO_ELETRONICA.44,44,"Av. Cristiano Machado, 12001",Controlador Eletrônico de Velocidade,70,Bairro/Centro,Único,3292,,POINT (610297.661710483 7808162.9278137)
FISCALIZACAO_ELETRONICA.45,45,Av. Deputado Álvaro Antônio a 280m da Av. Adão Alves de Souza,Controlador Eletrônico de Velocidade,60,Betânia/Barreiro,Único,3318,,POINT (603726.71588262 7791086.8024756)
FISCALIZACAO_ELETRONICA.289,289,"Av. Cristiano Machado, 1700",Controlador Eletrônico de Velocidade,60,Centro/Bairro,Único,8961,,POINT (612210.995926376 7800039.3126043)
FISCALIZACAO_ELETRONICA.290,290,"Av. Cristiano Machado, 1700",Controlador Eletrônico de Velocidade,60,Centro/Bairro,Único,8962,,POINT (612216.556435713 7800041.05495679)
FISCALIZACAO_ELETRONICA.381,381,"Av. Getúlio Vargas, 1705",Detector de Trânsito em Local Proibido,60,Santo Antônio/Savassi,Único,122420152,,POINT (611093.860718653 7794830.83821934)
FISCALIZACAO_ELETRONICA.382,382,"Av. Cristiano Machado, 11100",Controlador Eletrônico de Velocidade,70,Centro/Bairro,Único,9085,,POINT (610684.836235279 7807364.01852938)
FISCALIZACAO_ELETRONICA.383,383,"Av. Cristiano Machado, 11100",Controlador Eletrônico de Velocidade,70,Centro/Bairro,Único,9087,,POINT (610678.443375641 7807360.42254583)
FISCALIZACAO_ELETRONICA.115,115,Av. Afonso Pena esquina com R. dos Caetés,Detector de Avanço de Semáforo,60,Praça Rio Branco/Mangabeiras,Único,590,,POINT (610884.407824939 7797449.97968334)
FISCALIZACAO_ELETRONICA.118,118,Av. Afonso Pena esquina com R. dos Caetés,Detector de Avanço de Semáforo,60,Mangabeiras/Praça Rio Branco,Único,589,,POINT (610901.212566105 7797458.04956421)
FISCALIZACAO_ELETRONICA.119,119,Av. Afonso Pena esquina com R. dos Tupinambás,Detector de Avanço de Semáforo,60,Praça Rio Branco/Mangabeiras,Único,280,,POINT (610967.540087378 7797308.01532192)
FISCALIZACAO_ELETRONICA.120,120,Av. Afonso Pena esquina com R. dos Tupinambás,Detector de Avanço de Semáforo,60,Mangabeiras/Praça Rio Branco,Único,298,,POINT (611010.888465284 7797274.49391759)
FISCALIZACAO_ELETRONICA.121,121,Rua São Paulo esquina com Av. Afonso Pena,Detector de Avanço de Semáforo,60,Lourdes/Praça Rio Branco,Único,588,,POINT (610982.029365561 7797269.08914746)
FISCALIZACAO_ELETRONICA.122,122,R. São Paulo esquina com Av. Afonso Pena,Detector de Avanço de Semáforo,60,Centro/Mangabeiras,Único,252,,POINT (610993.158594685 7797317.255905)
FISCALIZACAO_ELETRONICA.123,123,"Av. Cristiano Machado, 500",Detector de Avanço de Semáforo,60,Centro/Bairro,Único,283,,POINT (611727.10511788 7798790.19524944)
FISCALIZACAO_ELETRONICA.124,124,"Av. Amazonas, 7675",Detector de Avanço de Semáforo,60,Bairro/Centro,Único,265,,POINT (604715.297675883 7795056.30191157)
FISCALIZACAO_ELETRONICA.125,125,Av. Afonso Pena esquina com R. dos Tupis,Detector de Avanço de Semáforo,60,Praça Rio Branco/Mangabeiras,Único,297,,POINT (611257.530070872 7796805.42535008)
FISCALIZACAO_ELETRONICA.126,126,Av. Afonso Pena esquina com R. da Bahia,Detector de Avanço de Semáforo,60,Mangabeiras/Praça Rio Branco,Único,293,,POINT (611293.412741149 7796773.58548957)
FISCALIZACAO_ELETRONICA.127,127,Av. Afonso Pena esquina com R. da Bahia,Detector de Avanço de Semáforo,60,Mangabeiras/Praça Rio Branco,Único,260,,POINT (611297.330436582 7796781.73647482)
FISCALIZACAO_ELETRONICA.128,128,Av. Afonso Pena esquina com Av. Álvares Cabral,Detector de Avanço de Semáforo,60,Mangabeiras/Praça Rio Branco,Único,299,,POINT (611451.356846092 7796509.49673727)
FISCALIZACAO_ELETRONICA.129,129,Av. Afonso Pena esquina com Av. Álvares Cabral,Detector de Avanço de Semáforo,60,Praça Rio Branco/Mangabeiras,Único,569,,POINT (611415.081941335 7796530.19861094)
FISCALIZACAO_ELETRONICA.130,130,Av. Álvares Cabral esquina com Av. Afonso pena,Detector de Avanço de Semáforo,60,Praça Afonso Arinos/Centro,Único,259,,POINT (611421.423055791 7796502.40960935)
FISCALIZACAO_ELETRONICA.131,131,Av. Afonso Pena esquina com R. dos Guajajaras,Detector de Avanço de Semáforo,60,Praça Rio Branco/Mangabeiras,Único,564,,POINT (611558.271358625 7796287.40778594)
FISCALIZACAO_ELETRONICA.132,132,Av. Afonso Pena esquina com R. dos Guajajaras,Detector de Avanço de Semáforo,60,Praça Rio Branco/Mangabeiras,Único,272,,POINT (611551.930288541 7796285.0695881)
FISCALIZACAO_ELETRONICA.133,133,Av. Afonso Pena esquina com R. dos Timbiras,Detector de Avanço de Semáforo,60,Praça Rio Branco/Mangabeiras,Único,270,,POINT (611659.431523367 7796107.55703857)
FISCALIZACAO_ELETRONICA.134,134,Av. Afonso Pena esquina com R. Pernambuco,Detector de Avanço de Semáforo,60,Mangabeiras/Praça Rio Branco,Único,268,,POINT (611686.239899965 7796108.20442769)
FISCALIZACAO_ELETRONICA.135,135,Av. Afonso Pena esquina com Av. Getúlio Vargas,Detector de Avanço de Semáforo,60,Mangabeiras/Praça Rio branco,Único,254,,POINT (612096.387160966 7795395.03388778)
FISCALIZACAO_ELETRONICA.136,136,Av. Getúlio Vargas esquina com Av. Afonso Pena,Detector de Avanço de Semáforo,60,Funcionários/Savassi,Único,294,,POINT (612091.294246205 7795426.37349101)
FISCALIZACAO_ELETRONICA.137,137,R. Cláudio Manoel esquina com Av. Getúlio Vargas,Detector de Avanço de Semáforo,60,Funcionários/Savassi,Único,568,,POINT (612106.419358869 7795402.09981271)
FISCALIZACAO_ELETRONICA.138,138,R. Curitiba esquina com Av. Amazonas,Detector de Avanço de Semáforo,60,Centro/Lourdes,Único,292,,POINT (610749.572542194 7796942.18585243)
FISCALIZACAO_ELETRONICA.139,139,Av. Amazonas esquina com R. Curitiba,Detector de Avanço de Semáforo,60,Praça Rui Barbosa/Praça Raul Soares,Único,574,,POINT (610756.2210424 7796935.51922252)
FISCALIZACAO_ELETRONICA.140,140,R. da Bahia esquina com Av. Afonso Pena,Detector de Avanço de Semáforo,60,Praça Rui Barbosa/Praça da Liberdade,Único,269,,POINT (611291.672185937 7796802.92286092)
FISCALIZACAO_ELETRONICA.141,141,R. da Bahia esquina com Av. Augusto de Lima,Detector de Avanço de Semáforo,60,Praça Rui Barbosa/Praça da Liberdade,Único,267,,POINT (611216.92821695 7796518.73656781)
FISCALIZACAO_ELETRONICA.142,142,Av. Afonso Vaz de Melo esquina com R. Boaventura Costa e R. Boaventura Costa esquina com Av. Afonso Vaz de Melo,Detector de Avanço de Semáforo,60,Barreiro/Tirol e Barreiro/Teixeira Dias,Ambos,282,,POINT (602307.4562525 7790998.53180718)
FISCALIZACAO_ELETRONICA.143,143,R. Boaventura Costa esquina com Av. Afonso Vaz de Melo,Detector de Avanço de Semáforo,30,Barreiro/Teixeira Dias,Único,250,,POINT (602302.049112585 7790997.13568729)
FISCALIZACAO_ELETRONICA.144,144,R. Aladin Correa de Faria esquina com Av. Waldyr Soeiro Emrich e R. José dos Santos Lage esquina com Av. Waldyr Soeiro Emrich,Detector de Avanço de Semáforo,30,Miramar/Teixeira Dias e Teixeira Dias/Miramar,Ambos,581,,POINT (602786.765470627 7789117.34966702)
FISCALIZACAO_ELETRONICA.145,145,Av. Vilarinho esquina com Av. Elias Antônio Issa,Detector de Avanço de Semáforo,60,Bairro/Centro,Único,578,,POINT (607860.482997923 7809566.61964377)
FISCALIZACAO_ELETRONICA.146,146,Av. Vilarinho esquina com Av. Baleares,Detector de Avanço de Semáforo,60,Centro/Bairro,Único,577,,POINT (607863.012759362 7809610.19936922)
FISCALIZACAO_ELETRONICA.326,326,"Av. Raja Gabáglia, 1710",Detector de Trânsito em Local Proibido,60,Centro/Bairro,Único,122420151,,POINT (608691.099676962 7793763.17591618)
FISCALIZACAO_ELETRONICA.327,327,"Av. Raja Gabáglia, 1799",Detector de Trânsito em Local Proibido,60,Bairro/Centro,Único,122420149,,POINT (608702.598125718 7793752.58490289)
FISCALIZACAO_ELETRONICA.328,328,"Av. Raja Gabáglia, 1799",Detector de Avanço de Semáforo,60,Bairro/Centro,Único,122420149,,POINT (608699.244227963 7793753.13164608)
FISCALIZACAO_ELETRONICA.329,329,Av. Dom Pedro II esquina com R. Espinosa,Detector de Avanço de Semáforo,60,Centro/Bairro,Único,122420173,,POINT (608994.090613327 7798318.39621562)
FISCALIZACAO_ELETRONICA.330,330,Av. Dom Pedro II esquina com R. Espinosa,Detector de Avanço de Semáforo,60,Centro/Bairro,Único,122420170,,POINT (608995.756004007 7798322.04593546)
FISCALIZACAO_ELETRONICA.331,331,Av. Dom Pedro II esquina com R. Espinosa,Detector de Trânsito em Local Proibido,60,Centro/Bairro,Único,122420170,,POINT (609000.127880408 7798319.43039993)
FISCALIZACAO_ELETRONICA.332,332,Av. Dom Pedro II esquina com R. Espinosa,Detector de Trânsito em Local Proibido,60,Centro/Bairro,Único,122420173,,POINT (608998.095708314 7798315.90058325)
FISCALIZACAO_ELETRONICA.333,333,Av. Dom Pedro II esquina com R. Espinosa,Detector de Trânsito em Local Proibido,60,Bairro/Centro,Único,122420169,,POINT (608976.835828573 7798316.03216043)
FISCALIZACAO_ELETRONICA.334,334,Av. Dom Pedro II esquina com R. Espinosa,Detector de Avanço de Semáforo,60,Bairro/Centro,Único,122420169,,POINT (608980.35782895 7798314.20696353)
FISCALIZACAO_ELETRONICA.335,335,Av. Dom Pedro II esquina com R. Espinosa,Detector de Trânsito em Local Proibido,60,Bairro/Centro,Único,405405038,,POINT (608975.232867361 7798312.95053549)
FISCALIZACAO_ELETRONICA.336,336,Av. Dom Pedro II esquina com R. Espinosa,Detector de Avanço de Semáforo,60,Bairro/Centro,Único,405405038,,POINT (608978.692356433 7798310.86809702)
FISCALIZACAO_ELETRONICA.337,337,"Av. Presidente Antônio Carlos, 1089",Detector de Avanço de Semáforo,60,Bairro/Centro,Único,122420146,,POINT (610340.938948635 7799109.29638476)
FISCALIZACAO_ELETRONICA.338,338,"Av. Presidente Antônio Carlos, 1089",Detector de Avanço de Semáforo,60,Bairro/Centro,Único,122420157,,POINT (610344.763139672 7799111.68871568)
FISCALIZACAO_ELETRONICA.339,339,"Av. Presidente Antônio Carlos, 1089",Detector de Trânsito em Local Proibido,60,Bairro/Centro,Único,122420157,,POINT (610342.250672288 7799116.00006803)
FISCALIZACAO_ELETRONICA.340,340,"Av. Presidente Antônio Carlos, 1089",Detector de Trânsito em Local Proibido,60,Bairro/Centro,Único,122420146,,POINT (610336.899494694 7799113.08034843)
FISCALIZACAO_ELETRONICA.341,341,"Av. Presidente Antônio Carlos, oposto ao 1089",Detector de Trânsito em Local Proibido,60,Centro/Bairro,Único,122420158,,POINT (610370.207315647 7799119.58360491)
FISCALIZACAO_ELETRONICA.342,342,"Av. Presidente Antônio Carlos, oposto ao 1089",Detector de Avanço de Semáforo,60,Centro/Bairro,Único,122420158,,POINT (610366.954905476 7799127.38978453)
FISCALIZACAO_ELETRONICA.343,343,"Av. Presidente Antônio Carlos, oposto ao 1089",Detector de Trânsito em Local Proibido,60,Centro/Bairro,Único,393205018,,POINT (610375.8225307 7799124.11251646)
FISCALIZACAO_ELETRONICA.344,344,"Av. Presidente Antônio Carlos, oposto ao 1089",Detector de Avanço de Semáforo,60,Centro/Bairro,Único,393205018,,POINT (610372.563394138 7799130.84483536)
FISCALIZACAO_ELETRONICA.345,345,Av. do Contorno esquina com Av. Afonso Pena,Detector de Avanço de Semáforo,60,Funcionários/Savassi,Único,122420156,,POINT (612377.80562079 7794939.5893377)
FISCALIZACAO_ELETRONICA.346,346,Av. do Contorno esquina com Av. Afonso Pena,Detector de Avanço de Semáforo,60,Funcionários/Savassi,Único,405405037,,POINT (612380.519435834 7794936.1529949)
FISCALIZACAO_ELETRONICA.347,347,Av. do Contorno esquina com Av. Afonso Pena,Detector de Trânsito em Local Proibido,60,Funcionários/Savassi,Único,122420156,,POINT (612380.932827809 7794942.46234437)
FISCALIZACAO_ELETRONICA.348,348,Av. do Contorno esquina com Av. Afonso Pena,Detector de Trânsito em Local Proibido,60,Funcionários/Savassi,Único,405405037,,POINT (612384.02052911 7794939.15511089)
FISCALIZACAO_ELETRONICA.349,349,Av. Amazonas esquina com R. Pedra Bonita,Detector de Avanço de Semáforo,60,Bairro/Centro,Único,122420159,,POINT (608319.965000056 7795804.76013487)
FISCALIZACAO_ELETRONICA.350,350,Av. Amazonas esquina com R. Pedra Bonita,Detector de Avanço de Semáforo,60,Bairro/Centro,Único,122420161,,POINT (608321.441708021 7795800.58067279)
FISCALIZACAO_ELETRONICA.351,351,Av. Amazonas esquina com R. Pedra Bonita,Detector de Trânsito em Local Proibido,60,Bairro/Centro,Único,122420161,,POINT (608313.911408812 7795797.64821491)
FISCALIZACAO_ELETRONICA.352,352,Av. Amazonas esquina com R. Pedra Bonita,Detector de Trânsito em Local Proibido,60,Bairro/Centro,Único,122420159,,POINT (608312.631058714 7795803.2165895)
FISCALIZACAO_ELETRONICA.82,82,"Av. Presidente Antônio Carlos, 1694",Controlador Eletrônico de Velocidade,60,Centro/Bairro,Único,3279,,POINT (610053.037442501 7799598.59891951)
FISCALIZACAO_ELETRONICA.81,81,"Av. Presidente Antônio Carlos, 1089",Controlador Eletrônico de Velocidade,60,Bairro/Centro,Único,3261,,POINT (610374.860504913 7799051.63002389)
FISCALIZACAO_ELETRONICA.83,83,"Av. Presidente Antônio Carlos, 2674",Controlador Eletrônico de Velocidade,60,Centro/Bairro,Único,3260,,POINT (609870.923038786 7800552.18322664)
FISCALIZACAO_ELETRONICA.84,84,Av. Presidente Antônio Carlos oposto ao 2862,Controlador Eletrônico de Velocidade,60,Bairro/Centro,Único,3259,,POINT (609788.032906158 7800617.78525884)
FISCALIZACAO_ELETRONICA.85,85,"Av. Presidente Antônio Carlos, 8271",Controlador Eletrônico de Velocidade,60,Bairro/Centro,Único,3286,,POINT (608321.261446437 7804830.49350172)
FISCALIZACAO_ELETRONICA.86,86,Av. Presidente Antônio Carlos oposto ao 8281,Controlador Eletrônico de Velocidade,60,Centro/Bairro,Único,3280,,POINT (608343.700984638 7804853.91960958)
FISCALIZACAO_ELETRONICA.87,87,"Av. Presidente Carlos Luz, 1525 e oposto ao 1525",Controlador Eletrônico de Velocidade,60,Bairro/Centro e Centro/Bairro,Ambos,3312,,POINT (608385.105347093 7800044.84271616)
FISCALIZACAO_ELETRONICA.88,88,"Av. Presidente Carlos Luz, 2754 e oposto ao 2754",Controlador Eletrônico de Velocidade,60,Bairro/Centro e Centro/Bairro,Ambos,3256,,POINT (608088.98991757 7800478.67353036)
FISCALIZACAO_ELETRONICA.89,89,Av. Presidente Tancredo Neves a 116 metros da R. Flor Branca,Controlador Eletrônico de Velocidade,60,Centro/Bairro,Único,3311,,POINT (605646.174983035 7799075.07643833)
FISCALIZACAO_ELETRONICA.90,90,"Av. Raja Gabáglia, 617 e oposto ao 617",Controlador Eletrônico de Velocidade,60,Bairro/Centro e Centro/Bairro,Ambos,3310,,POINT (609474.021838596 7794715.16776476)
FISCALIZACAO_ELETRONICA.91,91,Av. Raja Gabáglia esquina com R. Yvon Magalhães Pinto,Controlador Eletrônico de Velocidade,60,Bairro/Centro e Centro/Bairro,Ambos,3277,,POINT (609296.001904484 7792161.58654985)
FISCALIZACAO_ELETRONICA.92,92,"Av. Raja Gabáglia, 4847",Controlador Eletrônico de Velocidade,60,Bairro/Centro,Único,3257,,POINT (609725.526738071 7791368.60308303)
FISCALIZACAO_ELETRONICA.93,93,Av. Risoleta Neves a 285 metros da R. da Pedreira,Controlador Eletrônico de Velocidade,60,Bairro/Centro e Centro/Bairro,Ambos,3315,,POINT (612775.721144586 7804179.53751366)
FISCALIZACAO_ELETRONICA.94,94,Av. Risoleta Neves a 138 metros da R. Raimunda Ferreira da Rocha,Controlador Eletrônico de Velocidade,60,Bairro/Centro e Centro/Bairro,Ambos,3281,,POINT (613157.979618782 7804867.15955005)
FISCALIZACAO_ELETRONICA.223,223,"Av .Vilarinho, 1031 e oposto ao 1031",Detector de Invasão de Faixa de Exclusiva - MOVE,60,Bairro/Centro e Centro/Bairro,Ambos,1009,,POINT (609698.122003578 7808278.10191438)
FISCALIZACAO_ELETRONICA.224,224,"Av. Vilarinho, 1167",Detector de Invasão de Faixa de Exclusiva - MOVE,60,Bairro/Centro,Único,1410,,POINT (609621.491687753 7808397.91848021)
FISCALIZACAO_ELETRONICA.225,225,"Av. Vilarinho, 1251",Detector de Invasão de Faixa de Exclusiva - MOVE,60,Bairro/Centro,Único,1040,,POINT (609565.749344133 7808501.78457324)
FISCALIZACAO_ELETRONICA.228,228,"Av. Vilarinho, oposto ao 1450",Detector de Invasão de Faixa de Exclusiva - MOVE,60,Bairro/Centro,Único,1011,,POINT (609405.563136327 7808687.38157308)
FISCALIZACAO_ELETRONICA.229,229,"Av. Vilarinho, 1616",Detector de Invasão de Faixa de Exclusiva - MOVE,60,Centro/Bairro,Único,1026,,POINT (609291.192364289 7808794.24467501)
FISCALIZACAO_ELETRONICA.230,230,"Av. Vilarinho, oposto ao 2255",Detector de Invasão de Faixa de Exclusiva - MOVE,60,Centro/Bairro,Único,1010,,POINT (608808.058862515 7808982.80404552)
FISCALIZACAO_ELETRONICA.231,231,"Av. Vilarinho, 3050",Detector de Invasão de Faixa de Exclusiva - MOVE,60,Centro/Bairro,Único,1077,,POINT (608135.30696061 7809300.69239725)
FISCALIZACAO_ELETRONICA.161,161,Av. Amazonas esquina com R. São Paulo,Detector de Avanço de Semáforo,60,Praça Raul Soares/Praça Rui Barbosa,Único,566,,POINT (610897.823011987 7797000.27623052)
FISCALIZACAO_ELETRONICA.162,162,Av. Amazonas esquina com R. São Paulo,Detector de Avanço de Semáforo,60,Praça Rui Barbosa/Praça Raul Soares,Único,285,,POINT (610926.712570655 7797036.51285782)
FISCALIZACAO_ELETRONICA.163,163,Av. Amazonas esquinsa com R. dos Tamóios,Detector de Avanço de Semáforo,60,Praça Raul Soares/Praça Rui Barbosa,Único,595,,POINT (610936.450308929 7797025.81828052)
FISCALIZACAO_ELETRONICA.164,164,Av. Amazonas esquina com R. Curitba,Detector de Avanço de Semáforo,60,Praça Raul Soares/Praça Rui Barbosa,Único,573,,POINT (610735.414956328 7796907.85973133)
FISCALIZACAO_ELETRONICA.165,165,Av. Amazonas esquina com Av. Paraná,Detector de Avanço de Semáforo,60,Praça Rui Barbosa/Praça Raul Soares,Único,570,,POINT (610664.632365146 7796882.0281275)
FISCALIZACAO_ELETRONICA.166,166,Av. Amazonas esquina com R. Padre Belchior e R. Padre Belchior esquina com Av. Amazonas,Detector de Avanço de Semáforo,60,Praça Raul Soares/Praça Rui Barbosa e Augusto de L,Ambos,571,,POINT (610660.527997094 7796861.75421202)
FISCALIZACAO_ELETRONICA.167,167,Av. Amazonas esquina com R. dos Goitacazes,Detector de Avanço de Semáforo,60,Praça Rui Barbosa/Praça Raul Soares,Único,586,,POINT (610564.515292449 7796826.94232747)
FISCALIZACAO_ELETRONICA.168,168,Av. Amazonas esquina com R. dos Goitacazes,Detector de Avanço de Semáforo,60,Praça Raul Soares/Praça Rui Barbosa,Único,585,,POINT (610572.476000154 7796813.50415787)
FISCALIZACAO_ELETRONICA.169,169,R. Santa Catarina esquina com Av. Amazonas,Detector de Avanço de Semáforo,60,Lourdes/Centro,Único,587,,POINT (610565.602999119 7796799.99002998)
FISCALIZACAO_ELETRONICA.170,170,Av. Amazonas esquina com R. dos Aimorés,Detector de Avanço de Semáforo,60,Bairro/Centro,Único,583,,POINT (609907.853654082 7796424.75751861)
FISCALIZACAO_ELETRONICA.171,171,Av. Amazonas esquina com R. Araguari,Detector de Avanço de Semáforo,60,Centro/Bairro,Único,584,,POINT (609903.441463394 7796442.86146994)
FISCALIZACAO_ELETRONICA.172,172,Av. Amazonas esquina com Av. Barbacena,Detector de Avanço de Semáforo,60,Bairro/Centro,Único,263,,POINT (609706.509695659 7796308.78353857)
FISCALIZACAO_ELETRONICA.173,173,Av. Amazonas esquina com Av. do Contorno,Detector de Avanço de Semáforo,60,Centro/Bairro,Único,251,,POINT (609147.149264329 7795999.55010936)
FISCALIZACAO_ELETRONICA.174,174,Av. Amazonas esquina com Av. do Contorno,Detector de Avanço de Semáforo,60,Bairro/Centro,Único,257,,POINT (609126.655056165 7795975.4231404)
FISCALIZACAO_ELETRONICA.175,175,Av. do Contorno esquina com Av. Amazonas,Detector de Avanço de Semáforo,60,Barro Preto/Savassi,Único,253,,POINT (609125.61668263 7796000.94914115)
FISCALIZACAO_ELETRONICA.176,176,"Av. do Contorno, 8995",Detector de Avanço de Semáforo,60,Barro Preto/Savassi,Único,264,,POINT (609137.366372654 7795965.86593831)
FISCALIZACAO_ELETRONICA.177,177,Av. Amazonas esquina com Av. Francisco Sá,Detector de Avanço de Semáforo,60,Centro/Bairro,Único,255,,POINT (608867.052167233 7795936.26931127)
FISCALIZACAO_ELETRONICA.178,178,Av. Amazonas esquina com Av. Francisco Sá,Detector de Avanço de Semáforo,60,Bairro/Centro,Único,295,,POINT (608848.947924368 7795917.36153469)
FISCALIZACAO_ELETRONICA.179,179,Av. Amazonas esquina com R. Olinda,Detector de Avanço de Semáforo,60,Bairro/Centro,Único,284,,POINT (607433.405736991 7795932.15810937)
FISCALIZACAO_ELETRONICA.180,180,Av. Amazonas esquina com R. Olinda e R. Olinda esquina com Av. Amazonas,Detector de Avanço de Semáforo,60,Bairro/Centro,Único,279,,POINT (607431.916181258 7795921.45814543)
FISCALIZACAO_ELETRONICA.181,181,Av. Amazonas esquina com R. Visconde de Cairú,Detector de Avanço de Semáforo,60,Bairro/Centro,Único,597,,POINT (604069.012695459 7794208.53880009)
FISCALIZACAO_ELETRONICA.182,182,"Av. Amazonas, 8888",Detector de Avanço de Semáforo,60,Centro/Bairro,Único,596,,POINT (604062.074357104 7794221.03819515)
FISCALIZACAO_ELETRONICA.183,183,Av. do Contorno esquina com R. Paulo de Frontim,Detector de Avanço de Semáforo,60,Centro/Barro Preto,Único,288,,POINT (610563.760103234 7797700.60233137)
FISCALIZACAO_ELETRONICA.185,185,Av. do Contorno esquina com R. Paulo de Frontim,Detector de Avanço de Semáforo,60,Barro Preto/Centro,Único,274,,POINT (610576.673441631 7797646.73716264)
FISCALIZACAO_ELETRONICA.186,186,Av. do Contorno esquina com Av. Amazonas,Detector de Avanço de Semáforo,60,Savassi/Barro Preto,Único,563,,POINT (609148.305952944 7795974.58640065)
FISCALIZACAO_ELETRONICA.187,187,Av. dos Andradas esquina com R. dos Caetés,Detector de Avanço de Semáforo,60,Viaduto Jornalista Oswaldo Faria/Viaduto Santa Ter,Único,273,,POINT (611501.787192754 7797320.06874323)
FISCALIZACAO_ELETRONICA.188,188,Av. dos Andradas esquina com R. dos Tupinambás,Detector de Avanço de Semáforo,60,Viaduto Jornalista Oswaldo Faria/Viaduto Santa Ter,Único,558,,POINT (611459.460540281 7797174.80491098)
FISCALIZACAO_ELETRONICA.189,189,Av. dos Andradas esquina com R. dos Tupinambás,Detector de Avanço de Semáforo,60,Viaduto Santa Tereza/Viaduto Jornalista Oswaldo Fa,Único,559,,POINT (611474.591928033 7797154.26964799)
FISCALIZACAO_ELETRONICA.190,190,Av. do Contorno esquina com R. do Ouro,Detector de Avanço de Semáforo,60,Serra/Santa Efigênia,Único,594,,POINT (612594.449651868 7795675.53539342)
FISCALIZACAO_ELETRONICA.191,191,"Av. José Cândido da Silveira, 1200 e oposto ao 1200",Detector de Avanço de Semáforo,60,Bairro/Centro e Centro/Bairro,Ambos,572,,POINT (613207.771952698 7800565.5282241)
FISCALIZACAO_ELETRONICA.286,286,"Av. Cristiano Machado, 1320",Controlador Eletrônico de Velocidade,60,Centro/Bairro,Único,8960,,POINT (612226.108885892 7799323.78646916)
FISCALIZACAO_ELETRONICA.287,287,"Av. Cristiano Machado, oposto ao 4001",Controlador Eletrônico de Velocidade,60,Centro/Bairro,Único,8964,,POINT (612168.79507321 7801786.53849734)
FISCALIZACAO_ELETRONICA.288,288,"Av. Dom Pedro I, 2062",Controlador Eletrônico de Velocidade,60,Centro/Bairro,Único,8971,,POINT (608882.34610665 7807184.97714596)
FISCALIZACAO_ELETRONICA.361,361,Av. Amazonas esquina com R. Pedra Bonita,Detector de Avanço de Semáforo,60,Centro/Bairro,Único,241705001,,POINT (608334.293580941 7795814.90117716)
FISCALIZACAO_ELETRONICA.362,362,Av. Amazonas esquina com R. Pedra Bonita,Detector de Avanço de Semáforo,60,Centro/Bairro,Único,122420160,,POINT (608332.706070873 7795820.33884852)
FISCALIZACAO_ELETRONICA.363,363,Av. Amazonas esquina com R. Pedra Bonita,Detector de Trânsito em Local Proibido,60,Centro/Bairro,Único,241705001,,POINT (608338.949419548 7795821.54804982)
FISCALIZACAO_ELETRONICA.364,364,Av. Amazonas esquina com R. Pedra Bonita,Detector de Trânsito em Local Proibido,60,Centro/Bairro,Único,241705001,,POINT (608340.514227814 7795816.00557449)
FISCALIZACAO_ELETRONICA.365,365,Av. Carandaí esquina com Av. Afonso Pena,Detector de Avanço de Semáforo,60,Santa Efigênia/Centro,Único,1676,,POINT (611612.362130705 7796246.90441254)
FISCALIZACAO_ELETRONICA.366,366,Av. Carandaí esquina com Av. Afonso Pena,Detector de Avanço de Semáforo,60,Santa Efigênia/Centro,Único,1676,,POINT (611601.856175375 7796269.89963837)
FISCALIZACAO_ELETRONICA.367,367,Av. Dom Pedro II esquina com R. Antônio Peixoto Guimarães,Detector de Avanço de Semáforo,60,Centro/Bairro,Único,1045,,POINT (607386.200598755 7797866.6423164)
FISCALIZACAO_ELETRONICA.368,368,Av. Nossa Senhora do Carmo esquina com Praça da Harmonia (Pista Externa),Detector de Avanço de Semáforo,60,Centro/Bairro,Único,1362,,POINT (611417.343738542 7794014.92939759)
FISCALIZACAO_ELETRONICA.369,369,Av. Nossa Senhora do Carmo esquina com Praça da Harmonia (Pista Interna),Detector de Avanço de Semáforo,60,Centro/Bairro,Único,1369,,POINT (611421.723838023 7794013.26283786)
FISCALIZACAO_ELETRONICA.370,370,R. Edgard Torres esquina com Av. Vilarinho,Detector de Avanço de Semáforo,60,Minas Caixa/Venda Nova,Único,1407,,POINT (609040.979246026 7808941.73039566)
FISCALIZACAO_ELETRONICA.321,321,"Av. Nossa Senhora do Carmo, 1448",Detector de Avanço de Semáforo,60,Centro/Bairro,Único,122420148,,POINT (611081.630105327 7793436.19729201)
FISCALIZACAO_ELETRONICA.322,322,"Av. Nossa Senhora do Carmo, 1448",Detector de Avanço de Semáforo,60,Centro/Bairro,Único,122420150,,POINT (611085.265372264 7793433.21154129)
FISCALIZACAO_ELETRONICA.323,323,"Av. Nossa Senhora do Carmo, 1448",Detector de Trânsito em Local Proibido,60,Centro/Bairro,Único,122420150,,POINT (611084.452275332 7793439.46425107)
FISCALIZACAO_ELETRONICA.324,324,"Av. Nossa Senhora do Carmo, 1448",Detector de Trânsito em Local Proibido,60,Centro/Bairro,Único,122420148,,POINT (611087.845978793 7793436.80206691)
FISCALIZACAO_ELETRONICA.325,325,"Av. Raja Gabáglia, 1710",Detector de Avanço de Semáforo,60,Centro/Bairro,Único,122420151,,POINT (608687.745776926 7793763.72265706)
FISCALIZACAO_ELETRONICA.48,48,"Av. do Contorno, 629",Controlador Eletrônico de Velocidade,60,Praça da Estação/Rodoviária,Único,3300,,POINT (611314.165485723 7797658.77925727)
FISCALIZACAO_ELETRONICA.49,49,"Av. do Contorno, 4045 e oposto ao 4045",Controlador Eletrônico de Velocidade,60,Savassi/Santa Efigênia e Santa Efigênia/Savassi,Ambos,3301,,POINT (612815.287851701 7795956.82736247)
FISCALIZACAO_ELETRONICA.50,50,"Av. do Contorno, 5445",Controlador Eletrônico de Velocidade,60,São Lucas/Savassi,Único,3268,,POINT (612174.525827841 7794879.37841783)
FISCALIZACAO_ELETRONICA.51,51,"Av. do Contorno, 10730",Controlador Eletrônico de Velocidade,60,Barro Preto/Centro,Único,3265,,POINT (609920.347500336 7797270.18919586)
FISCALIZACAO_ELETRONICA.52,52,"Av. do Contorno, 10812",Controlador Eletrônico de Velocidade,60,Centro/Barro Preto,Único,3264,,POINT (610005.108545878 7797283.62382339)
FISCALIZACAO_ELETRONICA.53,53,"Av. dos Andradas, 3470 e oposto ao 3470",Controlador Eletrônico de Velocidade,60,Bairro/Centro e Centro/Bairro,Ambos,3302,,POINT (613863.962128979 7797171.59456653)
FISCALIZACAO_ELETRONICA.54,54,"Av. dos Andradas, 4020 e oposto ao 4020",Controlador Eletrônico de Velocidade,60,Bairro/Centro e Centro/Bairro,Ambos,3303,,POINT (614152.26657889 7798098.82968532)
FISCALIZACAO_ELETRONICA.55,55,"Av. dos Andradas, 7110 e oposto ao 7110",Controlador Eletrônico de Velocidade,60,Bairro/Centro e Centro/Bairro,Ambos,3263,,POINT (615152.116688655 7798825.50669282)
FISCALIZACAO_ELETRONICA.56,56,Av. Eliseu Resende esquina com R. Lotus,Controlador Eletrônico de Velocidade,60,R. Úrsula Paulino/Av. Teresa Cristina e Av. Teresa,Ambos,3372,,POINT (605030.516335742 7792095.11706397)
FISCALIZACAO_ELETRONICA.57,57,"Av. Heráclito Mourão de Miranda, 2474",Controlador Eletrônico de Velocidade,60,Pampulha/Alípio de Melo,Único,3304,,POINT (604697.039789989 7802053.87019821)
FISCALIZACAO_ELETRONICA.58,58,"Av. Heráclito Mourão de Miranda, 2491",Controlador Eletrônico de Velocidade,60,Pampulha/Alípio de Melo,Único,3269,,POINT (604704.664254667 7802095.80477985)
FISCALIZACAO_ELETRONICA.59,59,"Av. João XXIII, oposto ao 1233",Controlador Eletrônico de Velocidade,60,Av. Abílio Machado/Av. Presidente Tancredo Neves,Único,22,,POINT (605248.716083976 7799170.71678871)
FISCALIZACAO_ELETRONICA.60,60,"Av. João XXIII, 1233",Controlador Eletrônico de Velocidade,60,Av. Presidente Tancredo Neves/Av. Abílio Machado,Único,23,,POINT (605285.768078893 7799177.56026447)
FISCALIZACAO_ELETRONICA.61,61,"Av. José Cândido da Silveira, 509",Controlador Eletrônico de Velocidade,60,Bairro/Centro,Único,3258,,POINT (612796.215782783 7799950.73809179)
FISCALIZACAO_ELETRONICA.62,62,"Av. José Cândido da Silveira, 1500",Controlador Eletrônico de Velocidade,60,Centro/Bairro,Único,3270,,POINT (613464.459976801 7800959.87743296)
FISCALIZACAO_ELETRONICA.64,64,"Av. Olinto Meireles, 250 e oposto ao 250",Controlador Eletrônico de Velocidade,60,Bairro/Centro e Centro/Bairro,Ambos,3278,,POINT (603203.481173632 7791154.87243002)
FISCALIZACAO_ELETRONICA.65,65,Av. Waldyr Soeiro Emrich a 201 metros da Av. Joaquim de Oliveira,Controlador Eletrônico de Velocidade,60,Betânia/Barreiro e Barreiro/Betânia,Ambos,3308,,POINT (604816.675597318 7791471.08077915)
FISCALIZACAO_ELETRONICA.66,66,Av. Waldyr Soeiro Emrich a 118 metros da R. Alfredina Amaral,Controlador Eletrônico de Velocidade,60,Betânia/Barreiro,Único,3314,,POINT (604182.074239327 7790831.84929874)
FISCALIZACAO_ELETRONICA.67,67,Av. Waldyr Soeiro Emrich a 68 metros da R. dos Americanos,Controlador Eletrônico de Velocidade,60,Betânia/Barreiro e Barreiro/Betânia,Ambos,3307,,POINT (603946.842570025 7790323.58137029)
FISCALIZACAO_ELETRONICA.68,68,Av. Waldyr Soeiro Emrich a 45 metros da R. Aladim Correa de faria,Controlador Eletrônico de Velocidade,60,Jatobá/Milionários e Milionários/Jatobá,Ambos,3253,,POINT (602830.475457786 7789126.50515542)
FISCALIZACAO_ELETRONICA.69,69,"Av. Teresa Cristina, 820",Controlador Eletrônico de Velocidade,60,Centro/Bairro,Único,3254,,POINT (608326.915492733 7797361.79035002)
FISCALIZACAO_ELETRONICA.70,70,Av. Teresa Cristina oposto ao 888,Controlador Eletrônico de Velocidade,60,Bairro/Centro,Único,3282,,POINT (608271.639395891 7797332.14290118)
FISCALIZACAO_ELETRONICA.71,71,"Av. Teresa Cristina, 2350",Controlador Eletrônico de Velocidade,60,Centro/Bairro,Único,3288,,POINT (607388.475498487 7796741.36546609)
FISCALIZACAO_ELETRONICA.72,72,Av. Teresa Cristina a 27 metros da R. Monte Simplon,Controlador Eletrônico de Velocidade,60,Bairro/Centro,Único,3255,,POINT (606449.015510557 7796171.4794486)
FISCALIZACAO_ELETRONICA.73,73,"Av. Teresa Cristina, 3826",Controlador Eletrônico de Velocidade,60,Centro/Bairro,Único,3289,,POINT (606413.012402132 7796141.12018929)
FISCALIZACAO_ELETRONICA.74,74,Av. Teresa Cristina a 25 metros da R. Carmo da Cachoeira,Controlador Eletrônico de Velocidade,60,Centro/Bairro,Único,3309,,POINT (605969.267946499 7793982.22551347)
FISCALIZACAO_ELETRONICA.75,75,Av. Teresa Cristina a 22 metros da R. Carmelita Prates da Silva,Controlador Eletrônico de Velocidade,60,Bairro/Centro,Único,3316,,POINT (606046.854361843 7793966.5913895)
FISCALIZACAO_ELETRONICA.192,192,R. Pacífico Mascarenhas esquina com Av. dos Andradas,Detector de Avanço de Semáforo,40,Santa Efigênia/Santa Tereza,Único,593,,POINT (612883.506639906 7796980.12956598)
FISCALIZACAO_ELETRONICA.193,193,Viaduto Jornalista Oswaldo Faria esquina com Av. dos Andradas,Detector de Avanço de Semáforo,60,Bairro/Centro,Único,289,,POINT (611579.507357663 7797581.14927891)
FISCALIZACAO_ELETRONICA.194,194,Av. Saramenha esquina com Av. Cristiano Machado,Detector de Avanço de Semáforo,60,Bairro/Centro,Único,271,,POINT (611704.351025602 7805462.28430346)
FISCALIZACAO_ELETRONICA.195,195,Av. Cristiano Machado esquina com Av. Saramenha,Detector de Avanço de Semáforo,70,Bairro/Centro,Único,261,,POINT (611674.616330605 7805430.68091593)
FISCALIZACAO_ELETRONICA.196,196,Av. Cristiano Machado esquina com Av. Saramenha,Detector de Avanço de Semáforo,70,Centro/Bairro,Único,565,,POINT (611708.040643141 7805440.29607147)
FISCALIZACAO_ELETRONICA.197,197,Av. Cristiano Machado esquina com Av. Saramenha,Detector de Avanço de Semáforo,70,Centro/Bairro,Único,286,,POINT (611701.448355882 7805435.71354999)
FISCALIZACAO_ELETRONICA.198,198,Av. Cristiano Machado esquina com Av. Waldomiro Lobo,Detector de Avanço de Semáforo,60,Bairro/Centro,Único,567,,POINT (611738.002045854 7805230.4480753)
FISCALIZACAO_ELETRONICA.199,199,Av. Cristiano Machado esquina com Av. Waldomiro Lobo ,Detector de Avanço de Semáforo,60,Centro/Bairro,Único,296,,POINT (611779.797410987 7805115.03400636)
FISCALIZACAO_ELETRONICA.200,200,Av. Presidente Juscelino Kubitschek esquina com R. Dom João Antônio dos Santos,Detector de Avanço de Semáforo,60,Centro/Bairro,Único,599,,POINT (606215.35823852 7796706.3257682)
FISCALIZACAO_ELETRONICA.201,201,Av. Presidente Juscelino Kubitschek esquina com R. Dom João Antônio dos Santos,Detector de Avanço de Semáforo,60,Centro/Bairro,Único,598,,POINT (606212.967704208 7796710.99006466)
FISCALIZACAO_ELETRONICA.202,202,Av. Alfredo Balena esquina com R. dos Otoni,Detector de Avanço de Semáforo,60,Bairro/Centro,Único,591,,POINT (612076.025295555 7796445.73749972)
FISCALIZACAO_ELETRONICA.203,203,Av. Alfredo Balena esquina com R. dos Otoni,Detector de Avanço de Semáforo,60,Centro/Bairro,Único,592,,POINT (612077.316376758 7796430.84943273)
FISCALIZACAO_ELETRONICA.204,204,"Av. Alfredo Balena, 110 e oposto ao 110",Detector de Avanço de Semáforo,60,Bairro/Centro e Centro/Bairro,Ambos,266,,POINT (612164.341424938 7796485.83778302)
FISCALIZACAO_ELETRONICA.205,205,"Av. Alfredo Balena, oposto ao 110",Detector de Avanço de Semáforo,60,Centro/Bairro,Único,281,,POINT (612167.159729583 7796480.96234545)
FISCALIZACAO_ELETRONICA.206,206,"Av. Presidente Antônio Carlos, 1694",Detector de Avanço de Semáforo,60,Centro/Bairro,Único,579,,POINT (610103.447748681 7799528.5145772)
FISCALIZACAO_ELETRONICA.207,207,"Av. Silva Lobo, 865 e oposto ao 865",Detector de Avanço de Semáforo,60,Bairro/Centro e Centro/Bairro,Ambos,580,,POINT (607617.735967331 7795764.6581044)
FISCALIZACAO_ELETRONICA.208,208,Av. Risoleta Neves entre R. Santa Maria e Av. Saramenha,Detector de Avanço de Semáforo,60,Centro/Bairro,Único,575,,POINT (613571.563271656 7805177.13397998)
FISCALIZACAO_ELETRONICA.209,209,Av. Risoleta Neves entre Av. Saramenha e R. Santa Maria,Detector de Avanço de Semáforo,60,Bairro/Centro,Único,576,,POINT (613543.293123776 7805203.27771691)
FISCALIZACAO_ELETRONICA.353,353,Av. Presidente Carlos Luz entre Anel Rodoviário e Praça Pedro Mello,Conjugado CEV/DIF,60,Centro/Bairro,Único,2200012,,POINT (607235.26102001 7801369.81861236)
FISCALIZACAO_ELETRONICA.261,261,"Av. Cristiano Machado esquina com R. Tamboril 
",Controlador Eletrônico de Velocidade,60,Bairro/Centro,Único,8968,,POINT (611365.739264288 7798697.11107054)
FISCALIZACAO_ELETRONICA.232,232,Av. Vilarinho entre R. das Jaboticabeiras e Av. Cristiano Machado,Detector de Invasão de Faixa de Exclusiva - MOVE,60,Bairro/Centro,Único,1111,,POINT (610237.551889926 7807812.39642205)
FISCALIZACAO_ELETRONICA.233,233,Av. Risoleta Neves entre Viaduto Um Mil Novecentos e Setenta e Nova e Praça do Corpo de Bombeiros,Detector de Invasão de Faixa de Exclusiva - MOVE,60,Bairro/Centro,Único,1611,,POINT (612371.819652707 7803432.75794558)
FISCALIZACAO_ELETRONICA.401,401,Av. Afonso Pena esquina com Av. Carandaí,Detector de Avanço de Semáforo,60,Mangabeiras/Praça Rio Branco,Único,1299,,POINT (611605.84563817 7796231.53409877)
FISCALIZACAO_ELETRONICA.402,402,Av. Afonso Pena esquina com Av. Carandaí,Detector de Avanço de Semáforo,60,Mangabeiras/Praça Rio Branco,Único,1276,,POINT (611610.346733221 7796234.56744543)
FISCALIZACAO_ELETRONICA.403,403,Av. Afonso Pena esquina com Av. Carandaí,Detector de Parada sobre Faixa de Pedestres,60,Mangabeiras/Praça Rio Branco,Único,1299,,POINT (611603.301540967 7796235.15454479)
FISCALIZACAO_ELETRONICA.404,404,Av. Afonso Pena esquina com Av. Carandaí,Detector de Parada sobre Faixa de Pedestres,60,Mangabeiras/Praça Rio Branco,Único,1276,,POINT (611608.487585265 7796237.89434177)
FISCALIZACAO_ELETRONICA.405,405,"Av. Amazonas, 5253",Detector de Avanço de Semáforo,60,Bairro/Centro,Único,1027,,POINT (606894.122962797 7795949.60658031)
FISCALIZACAO_ELETRONICA.406,406,"Av. Amazonas, 5253",Detector de Parada sobre Faixa de Pedestres,60,Bairro/Centro,Único,1027,,POINT (606900.837724757 7795951.3971835)
FISCALIZACAO_ELETRONICA.407,407,"Av. Amazonas, oposto ao 5253",Detector de Avanço de Semáforo,60,Centro/Bairro,Único,1028,,POINT (606902.404502548 7795967.2887868)
FISCALIZACAO_ELETRONICA.408,408,"Av. Amazonas, oposto ao 5253",Detector de Parada sobre Faixa de Pedestres,60,Centro/Bairro,Único,1028,,POINT (606896.808867581 7795965.72200901)
FISCALIZACAO_ELETRONICA.409,409,"Av. Cristiano Machado, 2150",Detector de Avanço de Semáforo,60,Centro/Bairro,Único,1029,,POINT (612098.87254736 7800475.62637248)
FISCALIZACAO_ELETRONICA.410,410,"Av. Cristiano Machado, 2150",Detector de Parada sobre Faixa de Pedestres,60,Centro/Bairro,Único,1029,,POINT (612098.210300116 7800481.91772129)
FISCALIZACAO_ELETRONICA.411,411,"Av. Cristiano Machado, 2273",Detector de Avanço de Semáforo,60,Bairro/Centro,Único,1030,,POINT (612063.939005253 7800496.32159884)
FISCALIZACAO_ELETRONICA.412,412,"Av. Cristiano Machado, 2273",Detector de Parada sobre Faixa de Pedestres,60,Bairro/Centro,Único,1030,,POINT (612065.097937929 7800488.20907011)
FISCALIZACAO_ELETRONICA.413,413,Av. Cristiano Machado esquina com R. Felipe de Melo,Detector de Avanço de Semáforo,60,Centro/Bairro,Único,1065,,POINT (612128.044507611 7801654.18957032)
FISCALIZACAO_ELETRONICA.414,414,Av. Cristiano Machado esquina com R. Felipe de Melo,Detector de Parada sobre Faixa de Pedestres,60,Centro/Bairro,Único,1065,,POINT (612129.636548881 7801661.29252368)
FISCALIZACAO_ELETRONICA.415,415,Av. Cristiano Machado esquina com R. Jacuí,Detector de Avanço de Semáforo,60,Bairro/Centro,Único,1039,,POINT (612114.940783306 7801720.32051541)
FISCALIZACAO_ELETRONICA.416,416,Av. Cristiano Machado esquina com R. Jacuí,Detector de Parada sobre Faixa de Pedestres,60,Bairro/Centro,Único,1039,,POINT (612112.001630191 7801712.36030905)
FISCALIZACAO_ELETRONICA.417,417,"Av. Cristiano Machado, oposto 4001",Detector de Avanço de Semáforo,60,Centro/Bairro,Único,1140,,POINT (612185.997871823 7801853.09138242)
FISCALIZACAO_ELETRONICA.418,418,"Av. Cristiano Machado, oposto 4001",Detector de Parada sobre Faixa de Pedestres,60,Centro/Bairro,Único,1140,,POINT (612188.006382484 7801860.67908937)
FISCALIZACAO_ELETRONICA.419,419,"Av. Cristiano Machado, oposto 4001",Detector de Avanço de Semáforo,60,Centro/Bairro,Único,1201,,POINT (612205.413474881 7801851.75237532)
FISCALIZACAO_ELETRONICA.420,420,"Av. Cristiano Machado, oposto 4001",Detector de Parada sobre Faixa de Pedestres,60,Centro/Bairro,Único,1201,,POINT (612206.97564984 7801859.78641796)
FISCALIZACAO_ELETRONICA.421,421,"Av. Cristiano Machado, 4001",Detector de Avanço de Semáforo,60,Bairro/Centro,Único,1263,,POINT (612155.647044053 7801871.39114623)
FISCALIZACAO_ELETRONICA.422,422,"Av. Cristiano Machado, 4001",Detector de Parada sobre Faixa de Pedestres,60,Bairro/Centro,Único,1263,,POINT (612153.861701243 7801863.80343928)
FISCALIZACAO_ELETRONICA.423,423,Av. do Contorno esquina com Viaduto Jornalista Oswaldo Faria,Detector de Avanço de Semáforo,60,Lagoinha/Viaduto Santa Tereza,Único,1360,,POINT (611546.283381716 7797576.64884455)
FISCALIZACAO_ELETRONICA.424,424,Av. do Contorno esquina com Viaduto Jornalista Oswaldo Faria,Detector de Avanço de Semáforo,60,Lagoinha/Viaduto Santa Tereza,Único,1387,,POINT (611542.129727015 7797570.74628261)
FISCALIZACAO_ELETRONICA.425,425,Av. do Contorno esquina com Viaduto Jornalista Oswaldo Faria,Detector de Parada sobre Faixa de Pedestres,60,Lagoinha/Viaduto Santa Tereza,Único,1360,,POINT (611553.169703983 7797572.27657644)
FISCALIZACAO_ELETRONICA.426,426,Av. do Contorno esquina com Viaduto Jornalista Oswaldo Faria,Detector de Parada sobre Faixa de Pedestres,60,Lagoinha/Viaduto Santa Tereza,Único,1387,,POINT (611549.453276093 7797564.84372066)
FISCALIZACAO_ELETRONICA.427,427,Av. do Contorno esquina com R. Paracatú,Detector de Avanço de Semáforo,60,Viaduto Oeste/Barro Preto,Único,1356,,POINT (609826.434922976 7797302.56938769)
FISCALIZACAO_ELETRONICA.428,428,Av. do Contorno esquina com R. Paracatú,Detector de Parada sobre Faixa de Pedestres,60,Viaduto Oeste/Barro Preto,Único,1356,,POINT (609815.168169367 7797301.83459941)
FISCALIZACAO_ELETRONICA.429,429,Av. do Contorno esquina com R. Paracatú,Detector de Avanço de Semáforo,60,Barro Preto/Viaduto Oeste,Único,1353,,POINT (609805.633416702 7797285.16690202)
FISCALIZACAO_ELETRONICA.430,430,Av. do Contorno esquina com R. Paracatú,Detector de Avanço de Semáforo,60,Barro Preto/Viaduto Oeste,Único,1355,,POINT (609804.77616371 7797278.06394866)
FISCALIZACAO_ELETRONICA.431,431,Av. do Contorno esquina com R. Paracatú,Detector de Parada sobre Faixa de Pedestres,60,Barro Preto/Viaduto Oeste,Único,1353,,POINT (609812.491440638 7797283.57486075)
FISCALIZACAO_ELETRONICA.432,432,Av. do Contorno esquina com R. Paracatú,Detector de Parada sobre Faixa de Pedestres,60,Barro Preto/Viaduto Oeste,Único,1355,,POINT (609811.144328793 7797277.32916038)
FISCALIZACAO_ELETRONICA.441,441,Av. Dom Pedro II esquina com R. Antônio Peixoto Guimarães,Detector de Avanço de Semáforo,60,Bairro/Centro,Único,1005,,POINT (607372.44883201 7797855.64090301)
FISCALIZACAO_ELETRONICA.442,442,Av. Dom Pedro II esquina com R. Antônio Peixoto Guimarães,Detector de Parada sobre Faixa de Pedestres,60,Bairro/Centro,Único,1005,,POINT (607379.699763566 7797854.64077452)
FISCALIZACAO_ELETRONICA.443,443,Av. dos Andradas esquina com R. dos Caetés,Detector de Avanço de Semáforo,60,Viaduto Santa Tereza/Barro Preto,Único,1286,,POINT (611505.461134148 7797272.79736396)
FISCALIZACAO_ELETRONICA.444,444,Av. dos Andradas esquina com R. dos Caetés,Detector de Avanço de Semáforo,60,Viaduto Santa Tereza/Barro Preto,Único,1292,,POINT (611511.82929923 7797270.71546384)
FISCALIZACAO_ELETRONICA.445,445,Av. dos Andradas esquina com R. dos Caetés,Detector de Parada sobre Faixa de Pedestres,60,Viaduto Santa Tereza/Barro Preto,Único,1286,,POINT (611507.91042841 7797279.28799376)
FISCALIZACAO_ELETRONICA.446,446,Av. dos Andradas esquina com R. dos Caetés,Detector de Parada sobre Faixa de Pedestres,60,Viaduto Santa Tereza/Barro Preto,Único,1292,,POINT (611514.15612878 7797276.96116421)
FISCALIZACAO_ELETRONICA.447,447,Av. dos Andradas esquina com Av. Silviano Brandão,Detector de Avanço de Semáforo,60,Bairro/Centro,Único,1267,,POINT (614025.117595635 7798423.88017337)
FISCALIZACAO_ELETRONICA.448,448,Av. dos Andradas esquina com Av. Silviano Brandão,Detector de Parada sobre Faixa de Pedestres,60,Bairro/Centro,Único,1267,,POINT (614025.357526502 7798418.84162517)
FISCALIZACAO_ELETRONICA.452,452,R. do Uruguai esquina com Av. Nossa Senhora do Carmo,Detector de Avanço de Semáforo,40,Sion/São Pedro,Único,1290,,POINT (611450.534618467 7793957.95160709)
FISCALIZACAO_ELETRONICA.453,453,R. do Uruguai esquina com Av. Nossa Senhora do Carmo,Detector de Parada sobre Faixa de Pedestres,40,Sion/São Pedro,Único,1290,,POINT (611448.315257951 7793960.83077749)
FISCALIZACAO_ELETRONICA.461,461,Av. Nossa Senhora do Carmo esquina com R. do Uruguai,Detector de Avanço de Semáforo,60,Bairro/Centro,Único,1279,,POINT (611424.344664816 7793945.37023227)
FISCALIZACAO_ELETRONICA.462,462,Av. Nossa Senhora do Carmo esquina com R. do Uruguai,Detector de Avanço de Semáforo,60,Bairro/Centro,Único,1290,,POINT (611431.122711796 7793941.47135569)
FISCALIZACAO_ELETRONICA.463,463,Av. Nossa Senhora do Carmo esquina com R. do Uruguai,Detector de Parada sobre Faixa de Pedestres,60,Bairro/Centro,Único,1279,,POINT (611426.564025331 7793951.84836567)
FISCALIZACAO_ELETRONICA.464,464,Av. Nossa Senhora do Carmo esquina com R. do Uruguai,Detector de Parada sobre Faixa de Pedestres,60,Bairro/Centro,Único,1290,,POINT (611434.061864911 7793947.76954094)
FISCALIZACAO_ELETRONICA.465,465,Av. Presidente Antônio Carlos esquina com R. Rio Novo,Detector de Avanço de Semáforo,60,Centro/Bairro,Único,1397,,POINT (610617.820778898 7798420.39744087)
FISCALIZACAO_ELETRONICA.466,466,Av. Presidente Antônio Carlos esquina com R. Rio Novo,Conjugado CEV/DIF,60,Centro/Bairro,Único,1399,,POINT (610623.153119994 7798421.97290528)
FISCALIZACAO_ELETRONICA.467,467,Av. Presidente Antônio Carlos esquina com R. Rio Novo,Detector de Parada sobre Faixa de Pedestres,60,Centro/Bairro,Único,1397,,POINT (610616.235873522 7798430.5237484)
FISCALIZACAO_ELETRONICA.468,468,Av. Presidente Antônio Carlos esquina com R. Rio Novo,Detector de Parada sobre Faixa de Pedestres,60,Centro/Bairro,Único,1399,,POINT (610621.536133226 7798432.29050163)
FISCALIZACAO_ELETRONICA.469,469,Av. Presidente Antônio Carlos esquina R. Rio Novo,Detector de Avanço de Semáforo,60,Bairro/Centro,Único,1402,,POINT (610580.494391233 7798438.45468685)
FISCALIZACAO_ELETRONICA.470,470,Av. Presidente Antônio Carlos esquina R. Rio Novo,Detector de Parada sobre Faixa de Pedestres,60,Bairro/Centro,Único,1402,,POINT (610582.069855647 7798431.91045005)
FISCALIZACAO_ELETRONICA.471,471,"Av. Presidente Antônio Carlos, 3550",Detector de Avanço de Semáforo,60,Centro/Bairro,Único,1121,,POINT (609797.934935483 7801344.01104696)
FISCALIZACAO_ELETRONICA.472,472,"Av. Presidente Antônio Carlos, 3550",Detector de Parada sobre Faixa de Pedestres,60,Centro/Bairro,Único,1121,,POINT (609795.176598274 7801350.48714302)
FISCALIZACAO_ELETRONICA.473,473,"Av. Presidente Antônio Carlos, oposto ao 3550",Detector de Avanço de Semáforo,60,Bairro/Centro,Único,1128,,POINT (609763.635611921 7801348.80815515)
FISCALIZACAO_ELETRONICA.474,474,"Av. Presidente Antônio Carlos, oposto ao 3550",Detector de Parada sobre Faixa de Pedestres,60,Bairro/Centro,Único,1128,,POINT (609765.194672083 7801343.53133614)
FISCALIZACAO_ELETRONICA.475,475,Av. Marechal Espiridião Rosas esquina com Av. Presidente Antônio Carlos,Detector de Avanço de Semáforo,30,Campus UFMG/Santa Rosa,Único,1403,,POINT (609395.067313104 7802372.60188111)
FISCALIZACAO_ELETRONICA.476,476,Av. Marechal Espiridião Rosas esquina com Av. Presidente Antônio Carlos,Detector de Parada sobre Faixa de Pedestres,30,Campus UFMG/Santa Rosa,Único,1403,,POINT (609403.222397028 7802373.20151963)
FISCALIZACAO_ELETRONICA.481,481,Av. Presidente Antônio Carlos esquina com Av. Coronel José Dias Bicalho,Detector de Avanço de Semáforo,60,Bairro/Centro,Único,1119,,POINT (608845.952795275 7803997.46852661)
FISCALIZACAO_ELETRONICA.482,482,Av. Presidente Antônio Carlos esquina com Av. Coronel José Dias Bicalho,Detector de Parada sobre Faixa de Pedestres,60,Bairro/Centro,Único,1119,,POINT (608847.631783142 7803991.95185219)
FISCALIZACAO_ELETRONICA.483,483,Av. Presidente Antônio Carlos esquina com Av. Coronel José Dias Bicalho,Detector de Avanço de Semáforo,60,Centro/Bairro,Único,1118,,POINT (608883.730022275 7803998.78773136)
FISCALIZACAO_ELETRONICA.484,484,Av. Presidente Antônio Carlos esquina com Av. Coronel José Dias Bicalho,Detector de Parada sobre Faixa de Pedestres,60,Centro/Bairro,Único,1118,,POINT (608881.811178999 7804003.34498414)
FISCALIZACAO_ELETRONICA.485,485,R. Espírito Santo esquina com R. dos Guaicurus,Detector de Avanço de Semáforo,40,Av. Afonso Pena/Av. do Contorno,Único,1421,,POINT (611336.235367972 7797512.80197915)
FISCALIZACAO_ELETRONICA.486,486,R. Espírito Santo esquina com R. dos Guaicurus,Detector de Parada sobre Faixa de Pedestres,40,Av. Afonso Pena/Av. do Contorno,Único,1421,,POINT (611337.275906891 7797518.89656425)
FISCALIZACAO_ELETRONICA.487,487,R. dos Guaicurus esquina com R. Espírito Santo,Detector de Avanço de Semáforo,40,Praça Rui Barbosa/Viaduto Nansen Araújo,Único,1420,,POINT (611362.546137793 7797523.80196202)
FISCALIZACAO_ELETRONICA.488,488,R. dos Guaicurus esquina com R. Espírito Santo,Detector de Parada sobre Faixa de Pedestres,40,Praça Rui Barbosa/Viaduto Nansen Araújo,Único,1420,,POINT (611356.154255859 7797526.77493036)
FISCALIZACAO_ELETRONICA.489,489,R. Mato Grosso esquina com Av. do Contorno,Detector de Avanço de Semáforo,40,Barro Preto/Viaduto Oeste,Único,1358,,POINT (610258.565707145 7797260.97881446)
FISCALIZACAO_ELETRONICA.490,490,R. Mato Grosso esquina com Av. do Contorno,Detector de Parada sobre Faixa de Pedestres,40,Barro Preto/Viaduto Oeste,Único,1358,,POINT (610258.128862817 7797268.25955326)
FISCALIZACAO_ELETRONICA.501,501,Av. Afonso Pena esquina com R. dos Tamóios,Detector de Avanço de Semáforo,60,Mangabeiras/Centro,Único,3026,"393205021
",POINT (611202.526639062 7796925.64549149)
FISCALIZACAO_ELETRONICA.502,502,Av. Afonso Pena esquina com R. dos Tamóios,Detector de Avanço de Semáforo,60,Mangabeiras/Centro e Mangabeiras/Floresta,Único,3027,149240001,POINT (611213.332982506 7796929.28436225)
FISCALIZACAO_ELETRONICA.503,503,Av. Afonso Pena esquina com R. dos Tamóios,Detector de Trânsito em Local Proibido,60,Mangabeiras/Centro,Único,3026,"393205021
",POINT (611208.701692459 7796918.69855642)
FISCALIZACAO_ELETRONICA.504,504,Av. Afonso Pena esquina com R. dos Tamóios,Detector de Trânsito em Local Proibido,60,Mangabeiras/Centro e Mangabeiras/Floresta,Único,3027,149240001,POINT (611219.177229471 7796922.00662074)
FISCALIZACAO_ELETRONICA.505,505,Av. Augusto de Lima esquina com R. Paracatu,Detector de Avanço de Semáforo,60,Bairro/Centro,Único,3031,122420162,POINT (609719.927340179 7796896.20678207)
FISCALIZACAO_ELETRONICA.506,506,Av. Augusto de Lima esquina com R. Paracatu,Detector de Avanço de Semáforo,60,Bairro/Centro,Único,3032,122420138,POINT (609718.31006429 7796889.73767851)
FISCALIZACAO_ELETRONICA.507,507,Av. Augusto de Lima esquina com R. Paracatu,Detector de Trânsito em Local Proibido,60,Bairro/Centro,Único,3031,122420162,POINT (609713.458236621 7796898.02621745)
FISCALIZACAO_ELETRONICA.508,508,Av. Augusto de Lima esquina com R. Paracatu,Detector de Trânsito em Local Proibido,60,Bairro/Centro,Único,3032,122420138,POINT (609711.638801245 7796890.95063543)
FISCALIZACAO_ELETRONICA.509,509,R. Paracatu esquina com Av. Augusto de Lima,Detector de Avanço de Semáforo,40,Barro Preto/Santo Agostinho,Único,3033,241705005,POINT (609731.853390808 7796914.80941163)
FISCALIZACAO_ELETRONICA.510,510,R. Paracatu esquina com Av. Augusto de Lima,Detector de Trânsito em Local Proibido,40,Barro Preto/Santo Agostinho,Único,3033,241705005,POINT (609735.123459856 7796926.00432415)
FISCALIZACAO_ELETRONICA.511,511,Av. Bias Fortes esquina com R. dos Goitacazes,Detector de Avanço de Semáforo,60,Barro Preto/Lourdes,Único,3040,393205020,POINT (610289.493125219 7796899.40936339)
FISCALIZACAO_ELETRONICA.512,512,Av. Bias Fortes esquina com R. dos Goitacazes,Detector de Trânsito em Local Proibido,60,Barro Preto/Lourdes,Único,3040,393205020,POINT (610285.527093286 7796907.57472325)
FISCALIZACAO_ELETRONICA.513,513,R. dos Tamóios esquina com Av. Olegário Maciel,Detector de Avanço de Semáforo,40,Av. do Contorno/Av. Paraná,Único,3039,122420179,POINT (610495.08782469 7797131.81993481)
FISCALIZACAO_ELETRONICA.514,514,R. dos Tamóios esquina com Av. Olegário Maciel,Detector de Trânsito em Local Proibido,40,Av. do Contorno/Av. Paraná,Único,3039,122420179,POINT (610485.678219514 7797133.95848144)
FISCALIZACAO_ELETRONICA.515,515,R. dos Tupinambás esquina com Av. Olegário Maciel,Detector de Avanço de Semáforo,60,Av. do Contorno/Av. Paraná,Único,3035,122420164,POINT (610564.765080173 7797404.44210568)
FISCALIZACAO_ELETRONICA.516,516,R. dos Tupinambás esquina com Av. Olegário Maciel,Detector de Avanço de Semáforo,60,Av. do Contorno/Av. Paraná,Único,3036,241705003,POINT (610562.665416209 7797397.67652179)
FISCALIZACAO_ELETRONICA.517,517,R. dos Tupinambás esquina com Av. Olegário Maciel,Detector de Trânsito em Local Proibido,60,Av. do Contorno/Av. Paraná,Único,3035,122420164,POINT (610557.766200291 7797406.54176964)
FISCALIZACAO_ELETRONICA.518,518,R. dos Tupinambás esquina com Av. Olegário Maciel,Detector de Trânsito em Local Proibido,60,Av. do Contorno/Av. Paraná,Único,3036,241705003,POINT (610555.199944334 7797400.00948175)
FISCALIZACAO_ELETRONICA.519,519,Av. Olegário Maciel esquina com R. dos Tupinambás,Detector de Avanço de Semáforo,60,Lagoinha/Barro Preto,Único,3037,241705004,POINT (610571.064072068 7797410.04120958)
FISCALIZACAO_ELETRONICA.520,520,Av. Olegário Maciel esquina com R. dos Tupinambás,Detector de Avanço de Semáforo,60,Lagoinha/Barro Preto,Único,3038,122420176,POINT (610575.72999199 7797408.8747296)
FISCALIZACAO_ELETRONICA.521,521,Av. Olegário Maciel esquina com R. dos Tupinambás,Detector de Trânsito em Local Proibido,60,Lagoinha/Barro Preto,Único,3038,122420176,POINT (610578.529543943 7797414.24053751)
FISCALIZACAO_ELETRONICA.522,522,Av. Olegário Maciel esquina com R. dos Tupinambás,Detector de Trânsito em Local Proibido,60,Lagoinha/Barro Preto,Único,3037,241705004,POINT (610573.397032029 7797416.10690548)
FISCALIZACAO_ELETRONICA.523,523,Av. Brasil esquina com Av. Francisco Sales,Detector de Avanço de Semáforo,60,Santa Efigênia/Savassi,Único,3029,122420165,POINT (612479.63321188 7796330.22510107)
FISCALIZACAO_ELETRONICA.524,524,Av. Brasil esquina com Av. Francisco Sales,Detector de Avanço de Semáforo,60,Santa Efigênia/Savassi,Único,3030,122420174,POINT (612476.211537271 7796335.78532231)
FISCALIZACAO_ELETRONICA.525,525,Av. Brasil esquina com Av. Francisco Sales,Detector de Trânsito em Local Proibido,60,Santa Efigênia/Savassi,Único,3030,122420174,POINT (612483.05488649 7796340.91783422)
FISCALIZACAO_ELETRONICA.526,526,Av. Brasil esquina com Av. Francisco Sales,Detector de Trânsito em Local Proibido,60,Santa Efigênia/Savassi,Único,3029,122420165,POINT (612486.476561099 7796332.36364769)
FISCALIZACAO_ELETRONICA.527,527,Av. Francisco Sales esquina com Av. Bernardo Monteiro,Detector de Avanço de Semáforo,60,Floresta/Santa Efiigênia,Único,3041,39325019,POINT (612259.285143571 7796657.81156224)
FISCALIZACAO_ELETRONICA.528,528,Av. Francisco Sales esquina com Av. Bernardo Monteiro,Detector de Trânsito em Local Proibido,60,Floresta/Santa Efiigênia,Único,3041,39325019,POINT (612254.619223649 7796663.64396215)
FISCALIZACAO_ELETRONICA.529,529,"Av. Otacílio Negrão de Lima, 1064",Detector de Trânsito em Local Proibido,40,São Luiz/Aeroporto,Único,3021,122420180,POINT (607524.303067562 7804232.93453851)
FISCALIZACAO_ELETRONICA.530,530,Av. Otacílio Negrão de Lima esquina com R. Mussi Elias Abuid,Detector de Trânsito em Local Proibido,40,Bandeirantes/Braúnas,Único,3025,122420136,POINT (604335.874474966 7804714.02862891)
